﻿<?xml version="1.0" encoding="utf-8"?>
<fox formatVersion="2" fileVersion="0" originalVersion="Fri Jul 15 07:34:47 UTC+12:00 2016">
  <classes>
    <class name="Entity" super="" version="2" />
    <class name="Data" super="Entity" version="2" />
    <class name="DataSet" super="" version="0" />
    <class name="ScriptBlockScript" super="" version="0" />
    <class name="GameObject" super="" version="2" />
    <class name="TppHostage2Parameter" super="" version="1" />
    <class name="GameObjectLocator" super="" version="2" />
    <class name="TransformEntity" super="" version="0" />
    <class name="TppHostage2LocatorParameter" super="" version="0" />
    <class name="TexturePackLoadConditioner" super="" version="0" />
  </classes>
  <entities>
    <entity class="DataSet" classVersion="0" addr="0x02D7BDF0" unknown1="232" unknown2="9900">
      <staticProperties>
        <property name="name" type="String" container="StaticArray" arraySize="1">
          <value></value>
        </property>
        <property name="dataSet" type="EntityHandle" container="StaticArray" arraySize="1">
          <value>0x00000000</value>
        </property>
        <property name="dataList" type="EntityPtr" container="StringMap" arraySize="7">
          <value key="ScriptBlockScript0000">0x02D7BE60</value>
          <value key="GameObjectTppHostageUnique">0x02D7BED0</value>
          <value key="hos_quest_0000">0x02D7BFB0</value>
          <value key="TexturePackLoadConditioner0000">0x0739A6C0</value>
        </property>
      </staticProperties>
      <dynamicProperties />
    </entity>
    <entity class="ScriptBlockScript" classVersion="0" addr="0x02D7BE60" unknown1="88" unknown2="9902">
      <staticProperties>
        <property name="name" type="String" container="StaticArray" arraySize="1">
          <value>ScriptBlockScript0000</value>
        </property>
        <property name="dataSet" type="EntityHandle" container="StaticArray" arraySize="1">
          <value>0x02D7BDF0</value>
        </property>
        <property name="script" type="FilePtr" container="StaticArray" arraySize="1">
          <value>/Assets/tpp/level/mission2/quest/ih/quest_example.lua</value>
        </property>
      </staticProperties>
      <dynamicProperties />
    </entity>
    <entity class="GameObject" classVersion="2" addr="0x02D7BED0" unknown1="88" unknown2="9904">
      <staticProperties>
        <property name="name" type="String" container="StaticArray" arraySize="1">
          <value>GameObjectTppHostageUnique</value>
        </property>
        <property name="dataSet" type="EntityHandle" container="StaticArray" arraySize="1">
          <value>0x02D7BDF0</value>
        </property>
        <property name="typeName" type="String" container="StaticArray" arraySize="1">
          <value>TppHostageUnique</value>
        </property>
        <property name="groupId" type="uint32" container="StaticArray" arraySize="1">
          <value>0</value>
        </property>
        <property name="totalCount" type="uint32" container="StaticArray" arraySize="1">
          <value>1</value>
        </property>
        <property name="realizedCount" type="uint32" container="StaticArray" arraySize="1">
          <value>1</value>
        </property>
        <property name="parameters" type="EntityPtr" container="StaticArray" arraySize="1">
          <value>0x02D7BF40</value>
        </property>
      </staticProperties>
      <dynamicProperties />
    </entity>
    <entity class="TppHostage2Parameter" classVersion="1" addr="0x02D7BF40" unknown1="176" unknown2="9906">
      <staticProperties>
        <property name="owner" type="EntityHandle" container="StaticArray" arraySize="1">
          <value>0x02D7BED0</value>
        </property>
        <property name="partsFile" type="FilePtr" container="StaticArray" arraySize="1">
          <value>/Assets/tpp/parts/chara/prs/prs3_main0_def_v00_ih_hos.parts</value>
        </property>
        <property name="motionGraphFile" type="FilePtr" container="StaticArray" arraySize="1">
          <value>/Assets/tpp/motion/motion_graph/hostage2/Hostage2_layers.mog</value>
        </property>
        <property name="mtarFile" type="FilePtr" container="StaticArray" arraySize="1">
          <value>/Assets/tpp/motion/mtar/hostage2/Hostage2_layers.mtar</value>
        </property>
        <property name="extensionMtarFile" type="FilePtr" container="StaticArray" arraySize="1">
          <value></value>
        </property>
        <property name="vfxFiles" type="FilePtr" container="StringMap" />
      </staticProperties>
      <dynamicProperties />
    </entity>
    <entity class="GameObjectLocator" classVersion="2" addr="0x02D7BFB0" unknown1="272" unknown2="9908">
      <staticProperties>
        <property name="name" type="String" container="StaticArray" arraySize="1">
          <value>hos_quest_0000</value>
        </property>
        <property name="dataSet" type="EntityHandle" container="StaticArray" arraySize="1">
          <value>0x02D7BDF0</value>
        </property>
        <property name="parent" type="EntityHandle" container="StaticArray" arraySize="1">
          <value>0x00000000</value>
        </property>
        <property name="transform" type="EntityPtr" container="StaticArray" arraySize="1">
          <value>0x02D7C020</value>
        </property>
        <property name="shearTransform" type="EntityPtr" container="StaticArray" arraySize="1">
          <value>0x00000000</value>
        </property>
        <property name="pivotTransform" type="EntityPtr" container="StaticArray" arraySize="1">
          <value>0x00000000</value>
        </property>
        <property name="children" type="EntityHandle" container="List" />
        <property name="flags" type="uint32" container="StaticArray" arraySize="1">
          <value>7</value>
        </property>
        <property name="typeName" type="String" container="StaticArray" arraySize="1">
          <value>TppHostageUnique</value>
        </property>
        <property name="groupId" type="uint32" container="StaticArray" arraySize="1">
          <value>0</value>
        </property>
        <property name="parameters" type="EntityPtr" container="StaticArray" arraySize="1">
          <value>0x02D7C170</value>
        </property>
      </staticProperties>
      <dynamicProperties />
    </entity>
    <entity class="TransformEntity" classVersion="0" addr="0x02D7C020" unknown1="80" unknown2="9911">
      <staticProperties>
        <property name="owner" type="EntityHandle" container="StaticArray" arraySize="1">
          <value>0x02D7BFB0</value>
        </property>
        <property name="transform_scale" type="Vector3" container="StaticArray" arraySize="1">
          <value x="1" y="1" z="1" w="0" />
        </property>
        <property name="transform_rotation_quat" type="Quat" container="StaticArray" arraySize="1">
          <value x="0" y="0.978619" z="0" w="0.20568" />
        </property>
        <property name="transform_translation" type="Vector3" container="StaticArray" arraySize="1">
          <value x="505.383" y="325.64" z="1180.709" w="0" />
        </property>
      </staticProperties>
      <dynamicProperties />
    </entity>
    <entity class="TppHostage2LocatorParameter" classVersion="0" addr="0x02D7C170" unknown1="32" unknown2="9917">
      <staticProperties>
        <property name="owner" type="EntityHandle" container="StaticArray" arraySize="1">
          <value>0x02D7BFB0</value>
        </property>
        <property name="identifier" type="String" container="StaticArray" arraySize="1">
          <value></value>
        </property>
      </staticProperties>
      <dynamicProperties />
    </entity>
    <entity class="TexturePackLoadConditioner" classVersion="0" addr="0x0739A6C0" unknown1="72" unknown2="0">
      <staticProperties>
        <property name="name" type="String" container="StaticArray" arraySize="1">
          <value>TexturePackLoadConditioner0000</value>
        </property>
        <property name="dataSet" type="EntityHandle" container="StaticArray" arraySize="1">
          <value>0x02D7BDF0</value>
        </property>
        <property name="texturePackPath" type="Path" container="StaticArray" arraySize="1">
          <value></value>
        </property>
      </staticProperties>
      <dynamicProperties />
    </entity>
  </entities>
</fox>